<application>
  <component name="ProjectJdkTable">
    <jdk version="2">
      <name value="Python 2.7" />
      <type value="Python SDK" />
      <version value="Python 2.7.14" />
      <homePath value="C:\Python27amd64\python.exe" />
      <roots>
        <classPath>
          <root type="composite">
            <root url="file://C:/Python27amd64/DLLs" type="simple" />
            <root url="file://C:/Python27amd64/Lib" type="simple" />
            <root url="file://C:/Python27amd64/Lib/lib-tk" type="simple" />
            <root url="file://C:/Python27amd64" type="simple" />
            <root url="file://$USER_HOME$/AppData/Roaming/Python/Python27/site-packages" type="simple" />
            <root url="file://C:/Python27amd64/Lib/site-packages" type="simple" />
            <root url="file://$USER_HOME$/.PyCharmCE2018.3/system/python_stubs/-1895941070" type="simple" />
            <root url="file://$APPLICATION_HOME_DIR$/helpers/python-skeletons" type="simple" />
            <root url="file://$APPLICATION_HOME_DIR$/helpers/typeshed/stdlib/2" type="simple" />
            <root url="file://$APPLICATION_HOME_DIR$/helpers/typeshed/stdlib/2and3" type="simple" />
            <root url="file://$APPLICATION_HOME_DIR$/helpers/typeshed/third_party/2" type="simple" />
            <root url="file://$APPLICATION_HOME_DIR$/helpers/typeshed/third_party/2and3" type="simple" />
          </root>
        </classPath>
        <sourcePath>
          <root type="composite" />
        </sourcePath>
      </roots>
      <additional />
    </jdk>
  </component>
</application>