<application>
  <component name="PyCodeInsightSettings">
    <option name="RENAME_SEARCH_IN_COMMENTS_FOR_CLASS" value="true" />
    <option name="RENAME_SEARCH_NON_CODE_FOR_CLASS" value="true" />
    <option name="RENAME_SEARCH_IN_COMMENTS_FOR_VARIABLE" value="true" />
  </component>
  <component name="PyTestFrameworkService">
    <option name="SDK_TO_PYTEST">
      <map>
        <entry key="C:\Python27amd64\python.exe" value="false" />
      </map>
    </option>
    <option name="SDK_TO_NOSETEST">
      <map>
        <entry key="C:\Python27amd64\python.exe" value="false" />
      </map>
    </option>
    <option name="SDK_TO_TRIALTEST">
      <map>
        <entry key="C:\Python27amd64\python.exe" value="false" />
      </map>
    </option>
  </component>
</application>